{
  "openapi": "3.0.0",
  "info": {
    "title": "Local Test Function",
    "description": "Describes a function implemented in the host as static method"
  },
  "servers": [
    {
      "url": "tool://localhost",
      "description": "Two sample functions"
    }
  ],
  "paths": {
    "TestAssistant.LocalFunction.GetDateAndTime": {
      "get": {
        "operationId": "GetDateAndTime",
        "summary": "Get the current date"
      }
    },
    "TestAssistant.LocalFunction.AddNumbers": {
      "post": {
        "operationId": "AddNumbers",
        "summary": "Adds two numbers",
        "requestBody": {
          "required": true,
          "content": {
            "application/json": {
              "schema": {
                "type": "object",
                "properties": {
                  "a": {
                    "type": "integer",
                    "description": "The first number to add"
                  },
                  "b": {
                    "type": "integer",
                    "description": "Second number to add"
                  }
                },
                "required": [ "a", "b" ]
              }
            }
          }
        }
      }
    }
  }
}