{
  "openapi": "3.0.0",
  "info": {
    "title": "Cat Facts API",
    "description": "API to retrieve and manage cat facts.",
    "version": "1.0.0",
    "contact": {
      "name": "alexwohlbruck",
      "url": "https://github.com/alexwohlbruck/cat-facts"
    }
  },
  "servers": [
    {
      "url": "https://cat-fact.herokuapp.com",
      "description": "Base URL for all endpoints"
    }
  ],
  "paths": {
    "/facts": {
      "get": {
        "operationId": "GetCatFacts",
        "summary": "Retrieve and query facts",
        "description": "Get a list of animal facts."
      }
    }
  }
}
