{
  "openapi": "3.0.0",
  "info": {
    "title": "Local Test Function",
    "description": "Describes a function implemented in the host as static method"
  },
  "servers": [
    {
      "url": "tool://localhost",
      "description": "Create markdown from a Url"
    }
  ],
  "paths": {
    "HtmlAgility.HtmlAgilityPackExtensions.ConvertUrlToMarkdownAsync": {
      "post": {
        "operationId": "GetContentFromUrl",
        "summary": "Reads a web page and returns markdown of the content",
        "requestBody": {
          "required": true,
          "content": {
            "application/json": {
              "schema": {
                "type": "object",
                "properties": {
                  "url": {
                    "type": "string",
                    "description": "The address of the page to read"
                  }
                },
                "required": [ "url" ]
              }
            }
          }
        }
      }
    }
  }
}